{
  "clinical_note1": {
    "Wide": 0.058823529411764705,
    "RAG": 0.04838709677419355,
    "CLEAR": 0.0967741935483871
  },
  "clinical_note2": {
    "Wide": 0.11235955056179775,
    "RAG": 0.20895522388059704,
    "CLEAR": 0.18045112781954886
  },
  "clinical_note3": {
    "Wide": 0.10169491525423728,
    "RAG": 0.12213740458015267,
    "CLEAR": 0.144
  },
  "clinical_note4": {
    "Wide": 0.06976744186046513,
    "RAG": 0.08547008547008547,
    "CLEAR": 0.10084033613445377
  },
  "clinical_note5": {
    "Wide": 0.07253886010362694,
    "RAG": 0.12068965517241378,
    "CLEAR": 0.10989010989010987
  },
  "clinical_note6": {
    "Wide": 0.07692307692307691,
    "RAG": 0.06611570247933884,
    "CLEAR": 0.08849557522123892
  },
  "clinical_note7": {
    "Wide": 0.09782608695652174,
    "RAG": 0.064,
    "CLEAR": 0.08
  },
  "clinical_note8": {
    "Wide": 0.04819277108433735,
    "RAG": 0.06837606837606838,
    "CLEAR": 0.05797101449275363
  },
  "clinical_note9": {
    "Wide": 0.07777777777777778,
    "RAG": 0.07407407407407408,
    "CLEAR": 0.08771929824561403
  },
  "clinical_note10": {
    "Wide": 0.0710059171597633,
    "RAG": 0.045454545454545456,
    "CLEAR": 0.0975609756097561
  },
  "clinical_note11": {
    "Wide": 0.07317073170731707,
    "RAG": 0.12280701754385966,
    "CLEAR": 0.07920792079207922
  },
  "clinical_note12": {
    "Wide": 0.061728395061728406,
    "RAG": 0.09174311926605504,
    "CLEAR": 0.06249999999999999
  },
  "clinical_note13": {
    "Wide": 0.037735849056603765,
    "RAG": 0.038461538461538464,
    "CLEAR": 0.034482758620689655
  },
  "clinical_note14": {
    "Wide": 0.05263157894736842,
    "RAG": 0.06504065040650407,
    "CLEAR": 0.08
  },
  "clinical_note15": {
    "Wide": 0.10843373493975902,
    "RAG": 0.09009009009009009,
    "CLEAR": 0.08130081300813008
  },
  "clinical_note16": {
    "Wide": 0.09210526315789473,
    "RAG": 0.08196721311475409,
    "CLEAR": 0.1391304347826087
  }
}