{
  "clinical_note1": {
    "Wide": 0.43049201369285583,
    "RAG": 0.375280499458313,
    "CLEAR": 0.39643657207489014
  },
  "clinical_note2": {
    "Wide": 0.43381452560424805,
    "RAG": 0.49831095337867737,
    "CLEAR": 0.5301762819290161
  },
  "clinical_note3": {
    "Wide": 0.5222591161727905,
    "RAG": 0.5614603757858276,
    "CLEAR": 0.525822103023529
  },
  "clinical_note4": {
    "Wide": 0.5260676145553589,
    "RAG": 0.5542623996734619,
    "CLEAR": 0.506011426448822
  },
  "clinical_note5": {
    "Wide": 0.42736274003982544,
    "RAG": 0.592143177986145,
    "CLEAR": 0.4539533257484436
  },
  "clinical_note6": {
    "Wide": 0.4359924793243408,
    "RAG": 0.539574921131134,
    "CLEAR": 0.4478704333305359
  },
  "clinical_note7": {
    "Wide": 0.6075936555862427,
    "RAG": 0.5278047323226929,
    "CLEAR": 0.5204454064369202
  },
  "clinical_note8": {
    "Wide": 0.5055950880050659,
    "RAG": 0.43992000818252563,
    "CLEAR": 0.4228030741214752
  },
  "clinical_note9": {
    "Wide": 0.4537309408187866,
    "RAG": 0.5971168875694275,
    "CLEAR": 0.4034918546676636
  },
  "clinical_note10": {
    "Wide": 0.4876376986503601,
    "RAG": 0.5180625915527344,
    "CLEAR": 0.47257542610168457
  },
  "clinical_note11": {
    "Wide": 0.39722180366516113,
    "RAG": 0.6208130717277527,
    "CLEAR": 0.40823423862457275
  },
  "clinical_note12": {
    "Wide": 0.5255087614059448,
    "RAG": 0.5059003829956055,
    "CLEAR": 0.48767781257629395
  },
  "clinical_note13": {
    "Wide": 0.4284582734107971,
    "RAG": 0.3963647484779358,
    "CLEAR": 0.4314959645271301
  },
  "clinical_note14": {
    "Wide": 0.5323302745819092,
    "RAG": 0.5407125949859619,
    "CLEAR": 0.5009841918945312
  },
  "clinical_note15": {
    "Wide": 0.5713367462158203,
    "RAG": 0.4882042706012726,
    "CLEAR": 0.4177972078323364
  },
  "clinical_note16": {
    "Wide": 0.530815839767456,
    "RAG": 0.4962560832500458,
    "CLEAR": 0.49927279353141785
  }
}